<?xml version="1.0" encoding="UTF-8"?>
<!DOCTYPE mapper PUBLIC "-//mybatis.org//DTD Mapper 3.0//EN" "http://mybatis.org/dtd/mybatis-3-mapper.dtd">

<mapper namespace="kr.happyjob.study.mngins.dao.LectureStudentDao">

   <select id="leclist" resultType="kr.happyjob.study.sptstd.model.LectureListModel">
      select lec_nm
         from tb_lec where loginId= #{loginId};
   </select>
   


   <!-- 그룹코드 목록 조회 -->
   <select id="liststudentLecture" resultType="kr.happyjob.study.mngins.model.LectureStudentModel">
   /* kr.happyjob.study.mngins.dao.LectureStudentDao.liststudentLecture*/
         select   le.lec_cd
                  , le.lec_nm
                  , le.lec_ctg
                  , ui.name
                  , le.lec_start_date
                  , le.lec_end_date
                  , le.lec_days
                  , le.app_cnt
                  , le.capacity
                  , le.cls_room
                  , le.lec_goal
                  , le.lec_yn
                  , le.svy_cd
         from tb_lec le
            inner join tb_userinfo ui on ui.loginID = le.loginID
            where le.loginId= #{loginId}
               <choose>
                  <when test="selectBox eq 'title'.toString()">
                     and le.lec_nm Like CONCAT('%', #{selectBox}, '%')
                  </when>
                  <when test="selectBox eq 'writer'.toString()">
                     and ui.name LIKE CONCAT('%', #{selectBox}, '%')
                  </when>
                  <otherwise>
                     and (
                                  le.lec_nm Like CONCAT('%', #{selectBox}, '%')
                              or ui.name LIKE CONCAT('%', #{selectBox}, '%') 
                           )
                  </otherwise>
               </choose>
                  order by le.lec_cd DESC
                  LIMIT #{startpoint}, #{pageSize}                 
   </select>
   
   <!-- 그룹코드 목록 총 갯수 조회 -->
   <select id="totalsutdentLecture" resultType="int">
      /* kr.happyjob.study.mngins.dao.LectureStudentDao.totalsutdentLecture*/
      select COUNT(lec.lec_cd) as tot_cd
      from tb_lec lec
         inner join tb_userinfo ui on ui.loginid = lec.loginid
               <where>
                  <choose>
                     <when test="selectBox eq 'title'.toString()">
                        and lec.lec_nm Like CONCAT('%', #{selectBox}, '%')
                     </when>
                     <when test="selectBox eq 'writer'.toString()">
                        and ui.name LIKE CONCAT('%', #{selectBox}, '%')
                     </when>
                     <otherwise>
                        and (
                                     lec.lec_nm Like CONCAT('%', #{selectBox}, '%')
                                 or ui.name LIKE CONCAT('%', #{selectBox}, '%') 
                              )
                     </otherwise>
                  </choose>
            </where>            
   </select>

      
   <!-- 강의신청여부조회 -->
   <select id="studentlist" resultType="kr.happyjob.study.mngins.model.LectureStudentModel">
      select 
             A.lec_cd
             , A.loginID
             , A.app_yn
             , le.capacity
             , le.lec_nm
             , le.app_cnt
             , B.name
             , B.hp
             , IFNULL(DATE_FORMAT(B.birthday,'%Y-%m-%d'), '-' )as birthday
         from tb_app_list A, 
                tb_userinfo B
                ,( select    capacity, lec_nm , app_cnt  from tb_lec where lec_cd=#{lec_cd}  ) as le
               where 1=1
               and A.loginID = B.loginID
               and lec_cd=#{lec_cd};
   </select>

   
   
    <!-- 강의수락하기 -->
   <update id="studentYes" parameterType="map">
    UPDATE  tb_app_list 
             SET app_yn =#{approval}
     WHERE loginID=#{loginID}
     AND lec_cd= #{lec_cd};
   </update>
   
   
      <!--강의 정원증가  -->
    <update id="updatecnt" parameterType="map">
    <![CDATA[
       UPDATE tb_lec 
          set app_cnt =app_cnt+1
       WHERE lec_cd=#{lec_cd}
       AND app_cnt < capacity
        ]]>   
      </update>
   
   
       <!-- 강의 노허가하기 -->
   <update id="studentNO" parameterType="map">
    UPDATE  tb_app_list 
             SET app_yn =#{approval}
     WHERE loginID=#{loginID}
     AND lec_cd= #{lec_cd};
   </update>
   
   
   
         <!--강의 정원감소  -->
    <update id="downcnt" parameterType="map">
       UPDATE tb_lec 
          set app_cnt =app_cnt-1
       WHERE lec_cd=#{lec_cd};
      </update>
   
         
         <!--수강인원체크하기  -->
      <select id="memberCheck" resultType="kr.happyjob.study.mngins.model.LectureStudentModel"  parameterType="map">
           select 
                    capacity,
                    app_cnt
             from tb_lec where lec_cd=#{lec_cd};
      </select>            
   
   
   
   
</mapper>