<?xml version="1.0" encoding="UTF-8"?>
<!DOCTYPE mapper PUBLIC "-//mybatis.org//DTD Mapper 3.0//EN" "http://mybatis.org/dtd/mybatis-3-mapper.dtd">

<mapper namespace="kr.happyjob.study.system.dao.ComnComboDao">

	<!-- 로그인 사용자 강의목록 조회 -->
	<select id="selectlecbyuserlist" resultType="kr.happyjob.study.system.model.comcombo">
		/*kr.happyjob.study.system.dao.ComnComboDao.selectlecbyuserlist*/
			select lec_cd as cd
			        ,lec_nm as name
			  from tb_lec 
			where loginID = #{loginId}
			 order by lec_cd
	</select>
  

    <!-- 사용자  목록 조회 -->
  <select id="selectuserlist" resultType="kr.happyjob.study.system.model.comcombo">
    /*kr.happyjob.study.system.dao.ComnComboDao.selectuserlist*/
			select loginID as cd
			       ,name
			  from tb_userinfo
			 <where>
			  <if test="(code != null) and (!code.equals(''))">
			      AND user_type = #{code}
			  </if>
			</where>  
			 order by loginID
  </select>   
  
    <!-- 강의중/미강의중 강사  목록 조회 -->
   <select id="selectlecuserlist" resultType="kr.happyjob.study.system.model.comcombo">
    /*kr.happyjob.study.system.dao.ComnComboDao.selectlecuserlist*/
           select ui.loginID as cd
			       ,ui.name
			  from tb_userinfo ui
                   where ui.user_type = 'B'
                   <if test="code eq 'N'.toString()">
                     and not exists ( select 1
                                   from tb_lec le
                                  where le.loginID = ui.loginID
                               )     
                   </if>
                   <if test="code eq 'Y'.toString()">
                     and  exists ( select 1
                                   from tb_lec le
                                  where le.loginID = ui.loginID
                               )     
                   </if>
            order by ui.loginID
  </select>  
  
   <!-- 강의실  목록 조회 -->
   <select id="selectclasslist" resultType="kr.happyjob.study.system.model.comcombo">  
          select  cls_room_cd as cd
                  , cls_room_nm as name
            from tb_cls_room
           order by cls_room_cd 
   </select>
   
      <!-- 강의 종료/진행  목록 조회 -->
   <select id="selectlecynlist" resultType="kr.happyjob.study.system.model.comcombo">  
          select  lec_cd as cd
                  , lec_nm as name
            from tb_lec
			 <where>
			  <if test="(code != null) and (!code.equals(''))">
			      and lec_yn = #{code}
			  </if>
			</where>
		 order by lec_cd 	
   </select>
  
      <!-- 장비  목록 조회 -->
   <select id="selectequlist" resultType="kr.happyjob.study.system.model.comcombo">  
          select  equ_cd as cd
                  , equ_nm as name
            from tb_equ_list
           order by equ_cd 	 
   </select>  
  
      <!-- 장비  목록 조회 -->
   <select id="selectjoblist" resultType="kr.happyjob.study.system.model.comcombo">  
          select  ctg_cd as cd
                  , ctg_nm as name
            from tb_job_ctg
           order by ctg_cd 	  
   </select>    
  
       <!-- 문제타입  목록 조회 -->
   <select id="selectttypelist" resultType="kr.happyjob.study.system.model.comcombo">  
          select  test_que_type as cd
                  , que_type_nm as name
            from tb_que_type
           order by test_que_type 	  
   </select>  
  
        <!-- 테스트  목록 조회 -->
   <select id="selecttestlist" resultType="kr.happyjob.study.system.model.comcombo">  
          select  test_cd as cd
                  , test_paper_nm as name
            from tb_testinfo
           order by test_cd 	  
   </select>   
</mapper>